STOCK;NAME;DEPARTMENT;IMAGE
AALR3;Allianca Saude e Participacoes SA - ALLIAR;Serviços de Saúde;https://s3-symbol-logo.tradingview.com/alliar--big.svg
ABCB4;Banco ABC Brasil SA Conv Pfd;Financeiro;https://s3-symbol-logo.tradingview.com/abc-brasil--big.svg
ABEV3;Ambev SA;Consumo de Não Duráveis;https://s3-symbol-logo.tradingview.com/ambev--big.svg
AERI3;Aeris Industria e Comercio de Equipamentos para Geracao deEnergia S.A.;Produtor Manufatureiro;https://s3-symbol-logo.tradingview.com/aeris-on-nm--big.svg
AFLT3;Afluente Transmissao De Energia Eletrica SA;Serviços Públicos;https://s3-symbol-logo.tradingview.com/afluente-t-on--big.svg
AGRO3;BrasilAgro Cia Brasileira de Propriedades Agricolas;Financeiro;https://s3-symbol-logo.tradingview.com/brasilagro--big.svg
AGXY3;Agrogalaxy Participacoes SA;Serviços de Distribuição;https://s3-symbol-logo.tradingview.com/agrogalaxy-on-nm--big.svg
AHEB3;Sao Paulo Turismo SA;Serviços Comerciais;https://s3-symbol-logo.tradingview.com/spturis--big.svg
AHEB5;Sao Paulo Turismo SA Pfd A;Serviços Comerciais;https://s3-symbol-logo.tradingview.com/spturis--big.svg
AHEB6;Sao Paulo Turismo SA Pfd B;Serviços Comerciais;https://s3-symbol-logo.tradingview.com/spturis--big.svg
ALLD3;Allied Tecnologia SA;Serviços de Tecnologia;https://s3-symbol-logo.tradingview.com/allied-on-nm--big.svg
ALOS3;Allos S.A.;Financeiro;https://s3-symbol-logo.tradingview.com/allos-on-nm--big.svg
ALPA3;Alpargatas SA;Consumo de Não Duráveis;https://s3-symbol-logo.tradingview.com/alpargatas--big.svg
ALPA4;Alpargatas SA Pfd;Consumo de Não Duráveis;https://s3-symbol-logo.tradingview.com/alpargatas--big.svg
ALPK3;Allpark Empreendimentos Participacoes e Servicos S.A.;Consumo de Serviços;https://s3-symbol-logo.tradingview.com/estapar-on-nm--big.svg
ALUP11;Alupar Investimento SA Unit Cons of 1 Sh + 2 Pfd Shs;;https://s3-symbol-logo.tradingview.com/alupar--big.svg
ALUP3;Alupar Investimento SA;Serviços Públicos;https://s3-symbol-logo.tradingview.com/alupar--big.svg
ALUP4;Alupar Investimento SA Pfd Shs;Serviços Públicos;https://s3-symbol-logo.tradingview.com/alupar--big.svg
AMAR3;Marisa Lojas S.A.;Comércio de Varejo;https://s3-symbol-logo.tradingview.com/lojas-marisaon-nm--big.svg
AMBP3;Ambipar Participacoes e Empreendimentos SA;Serviços Comerciais;https://s3-symbol-logo.tradingview.com/ambipar--big.svg
AMER3;Americanas SA;Comércio de Varejo;https://s3-symbol-logo.tradingview.com/americanas--big.svg
AMOB3;Automob Participacoes S.A;Comércio de Varejo;https://s3-symbol-logo.tradingview.com/automob-on-nm--big.svg
ANIM3;Anima Holding SA;Miscelânea;https://s3-symbol-logo.tradingview.com/anima--big.svg
APTI3;Aliperti SA;Produtor Manufatureiro;https://s3-symbol-logo.tradingview.com/aliperti-pn-ed--big.svg
APTI4;Aliperti SA APTI Pfd;Produtor Manufatureiro;https://s3-symbol-logo.tradingview.com/aliperti-pn-ed--big.svg
ARML3;Armac Locacao Logistica e Servicos SA;Financeiro;https://s3-symbol-logo.tradingview.com/armac-on-ed-nm--big.svg
ASAI3;Sendas Distribuidora SA;Comércio de Varejo;https://s3-symbol-logo.tradingview.com/assai-on-nm--big.svg
AURA33;Aura Minerals Inc Shs Unsponsored Brazilian Depositary Receipt Repr 1 Sh;Minerais Não-Energéticos;https://s3-symbol-logo.tradingview.com/aura-360-dr3--big.svg
AURE3;Auren Energia SA;Serviços Públicos;https://s3-symbol-logo.tradingview.com/auren-on-nm--big.svg
AVLL3;Alphaville SA;Financeiro;https://s3-symbol-logo.tradingview.com/alphaville-on-nm--big.svg
AZEV3;Azevedo & Travassos SA;Serviços Industriais;https://s3-symbol-logo.tradingview.com/azevedo-on--big.svg
AZEV4;Azevedo & Travassos SA Pfd;Serviços Industriais;https://s3-symbol-logo.tradingview.com/azevedo-on--big.svg
AZTE3;Azevedo & Travassos Energia S.A;Serviços Industriais;https://s3-symbol-logo.tradingview.com/azevedo-on--big.svg
AZUL4;Azul SA Pfd Registered Shs;Transportes;https://s3-symbol-logo.tradingview.com/azul--big.svg
AZZA3;Azzas 2154 SA;Consumo de Não Duráveis;https://s3-symbol-logo.tradingview.com/arezzo--big.svg
B3SA3;B3 SA - Brasil, Bolsa, Balcao;Financeiro;https://s3-symbol-logo.tradingview.com/b3-on-nm--big.svg
BALM3;Baumer SA;Tecnologia em Saúde;https://s3-symbol-logo.tradingview.com/baumer-on--big.svg
BALM4;Baumer SA BALM Non-Cum Perp Pfd Registered Shs;Tecnologia em Saúde;https://s3-symbol-logo.tradingview.com/baumer-on--big.svg
BAUH3;Excelsior Alimentos SA;Serviços de Distribuição;https://s3-symbol-logo.tradingview.com/excelsior-pn--big.svg
BAUH4;Excelsior Alimentos SA Pfd;Serviços de Distribuição;https://s3-symbol-logo.tradingview.com/excelsior-pn--big.svg
BAZA3;Banco da Amazonia S.A.;Financeiro;https://s3-symbol-logo.tradingview.com/amazonia-on-es--big.svg
BBAS3;Banco do Brasil S.A.;Financeiro;https://s3-symbol-logo.tradingview.com/banco-do-brasil--big.svg
BBDC3;Banco Bradesco SA;Financeiro;https://s3-symbol-logo.tradingview.com/bradesco--big.svg
BBDC4;Banco Bradesco SA Pfd;Financeiro;https://s3-symbol-logo.tradingview.com/bradesco--big.svg
BBML3;BBM Logistica SA;Transportes;https://s3-symbol-logo.tradingview.com/country/BR--big.svg
BBSE3;BB Seguridade Participacoes SA;Financeiro;https://s3-symbol-logo.tradingview.com/banco-do-brasil--big.svg
BDLL3;Bardella SA Industrias Mecanicas;Produtor Manufatureiro;https://s3-symbol-logo.tradingview.com/bardella-pn--big.svg
BDLL4;Bardella SA Industrias Mecanicas Pfd;Produtor Manufatureiro;https://s3-symbol-logo.tradingview.com/bardella-pn--big.svg
BEEF3;Minerva S.A.;Serviços de Distribuição;https://s3-symbol-logo.tradingview.com/minerva-on-nm--big.svg
BEES3;Banestes S.A. - Banco do Estado do Espirito Santo;Financeiro;https://s3-symbol-logo.tradingview.com/banestes-on-ed--big.svg
BEES4;Banestes SA Banco do Estado do Espirito Santo Pfd;Financeiro;https://s3-symbol-logo.tradingview.com/banestes-on-ed--big.svg
BGIP3;Banco do Estado de Sergipe SA - Banese;Financeiro;https://s3-symbol-logo.tradingview.com/banese-pn-rec--big.svg
BGIP4;Banco do Estado de Sergipe SA - Banese Non-Cum Perp Pfd Registered Shs;Financeiro;https://s3-symbol-logo.tradingview.com/banese-pn-rec--big.svg
BHIA3;Grupo Casas Bahia S.A.;Comércio de Varejo;https://s3-symbol-logo.tradingview.com/casas-bahia-on-nm--big.svg
BIOM3;Biomm SA;Tecnologia em Saúde;https://s3-symbol-logo.tradingview.com/biomm-on-ma--big.svg
BLAU3;Blau Farmaceutica SA;Tecnologia em Saúde;https://s3-symbol-logo.tradingview.com/blau-on-nm--big.svg
BMEB3;BCO Mercantil do Brasil SA;Financeiro;https://s3-symbol-logo.tradingview.com/merc-brasil-pn-n1--big.svg
BMEB4;BCO Mercantil do Brasil SA Pfd;Financeiro;https://s3-symbol-logo.tradingview.com/merc-brasil-pn-n1--big.svg
BMGB4;Banco Bmg SA BMG Pfd Registered Shs -144A- Reg S;Financeiro;https://s3-symbol-logo.tradingview.com/banco-bmg-pn-ej-n1--big.svg
BMIN3;Banco Mercantil de Investimentos S.A.;Financeiro;https://s3-symbol-logo.tradingview.com/merc-invest-on--big.svg
BMIN4;Banco Mercantil de Investimentos SA Pfd;Financeiro;https://s3-symbol-logo.tradingview.com/merc-invest-on--big.svg
BMKS3;Bicicletas Monark S.A.;Consumo Duráveis;https://s3-symbol-logo.tradingview.com/bic-monark-on--big.svg
BMOB3;Bemobi Mobile Tech SA;Serviços de Tecnologia;https://s3-symbol-logo.tradingview.com/bemobi-tech-on-nm--big.svg
BNBR3;Banco do Nordeste do Brasil S.A.;Financeiro;https://s3-symbol-logo.tradingview.com/nord-brasil-on--big.svg
BOBR3;Bombril S.A.;Consumo de Não Duráveis;https://s3-symbol-logo.tradingview.com/bombril-pn--big.svg
BOBR4;Bombril S.A.Non-Cum Perp Pfd Registered Shs;Consumo de Não Duráveis;https://s3-symbol-logo.tradingview.com/bombril-pn--big.svg
BPAC11;Banco BTG Pactual SA Units Cons of 1 Sh + 2 Pfd Shs A;;https://s3-symbol-logo.tradingview.com/btgp--big.svg
BPAC3;Banco BTG Pactual SA;Financeiro;https://s3-symbol-logo.tradingview.com/btgp--big.svg
BPAC5;Banco BTG Pactual SA Pfd A;Financeiro;https://s3-symbol-logo.tradingview.com/btgp--big.svg
BPAN4;Banco Pan S.A. Pfd Shs;Financeiro;https://s3-symbol-logo.tradingview.com/banco-pan--big.svg
BPAR3;Banco do Estado do Para SA;Financeiro;https://s3-symbol-logo.tradingview.com/banpara-on--big.svg
BRAP3;Bradespar S.A.;Financeiro;https://s3-symbol-logo.tradingview.com/bradespar--big.svg
BRAP4;Bradespar SA Pfd;Financeiro;https://s3-symbol-logo.tradingview.com/bradespar--big.svg
BRAV3;Brava Energia;Minerais Energéticos;https://s3-symbol-logo.tradingview.com/brava-on-nm--big.svg
BRBI11;BRBI BR Partners S.A. Units Cons of 1 Sh and 2 Pfd Shs;;https://s3-symbol-logo.tradingview.com/br-partners-unt-n2--big.svg
BRFS3;BRF S.A.;Consumo de Não Duráveis;https://s3-symbol-logo.tradingview.com/brf-sa--big.svg
BRKM3;Braskem S.A.;Industrias de Processamento;https://s3-symbol-logo.tradingview.com/braskem--big.svg
BRKM5;Braskem S.A. Pfd A;Industrias de Processamento;https://s3-symbol-logo.tradingview.com/braskem--big.svg
BRKM6;Braskem S.A. Conv Pfd B;Industrias de Processamento;https://s3-symbol-logo.tradingview.com/braskem--big.svg
BRQB3;BRQ Solucoes em Informatica SA;Serviços de Tecnologia;https://s3-symbol-logo.tradingview.com/country/BR--big.svg
BRSR3;Banco do Estado do Rio Grande do Sul SA;Financeiro;https://s3-symbol-logo.tradingview.com/banrisul--big.svg
BRSR5;Banco do Estado do Rio Grande do Sul SA 6 % Conv Pfd A;Financeiro;https://s3-symbol-logo.tradingview.com/banrisul--big.svg
BRSR6;Banco do Estado do Rio Grande do Sul SA Pfd Series B;Financeiro;https://s3-symbol-logo.tradingview.com/banrisul--big.svg
BRST3;Brisanet Servicos de Telecomunicacoes S.A.;Comunicações;https://s3-symbol-logo.tradingview.com/brisanet-on-nm--big.svg
BSLI3;BRB Banco de Brasilia SA;Financeiro;https://s3-symbol-logo.tradingview.com/brb-banco-pn--big.svg
BSLI4;BRB Banco de Brasilia SA Pfd;Financeiro;https://s3-symbol-logo.tradingview.com/brb-banco-pn--big.svg
CALI3;Construtora Adolpho Lindenberg SA;Serviços Industriais;https://s3-symbol-logo.tradingview.com/const-a-lindon--big.svg
CAMB3;Cambuci SA;Consumo de Não Duráveis;https://s3-symbol-logo.tradingview.com/cambuci-on--big.svg
CAML3;Camil Alimentos SA;Industrias de Processamento;https://s3-symbol-logo.tradingview.com/camil--big.svg
CASH3;Meliuz SA;Serviços Comerciais;https://s3-symbol-logo.tradingview.com/meliuz--big.svg
CASN3;Companhia Catarinense de Aguas e Saneamento-Casan;Serviços Públicos;https://s3-symbol-logo.tradingview.com/casan-on--big.svg
CASN4;Companhia Catarinense de Aguas e Saneamento-Casan Pfd;Serviços Públicos;https://s3-symbol-logo.tradingview.com/casan-on--big.svg
CATA3;Companhia Industrial Cataguases;Industrias de Processamento;https://s3-symbol-logo.tradingview.com/country/BR--big.svg
CATA4;Companhia Industrial Cataguases Pfd Shs;Industrias de Processamento;https://s3-symbol-logo.tradingview.com/country/BR--big.svg
CBAV3;Companhia Brasileira de Aluminio;Minerais Não-Energéticos;https://s3-symbol-logo.tradingview.com/cba-on-nm--big.svg
CBEE3;Ampla Energia e Servicos SA;Serviços Públicos;https://s3-symbol-logo.tradingview.com/ampla-energ-on--big.svg
CEAB3;C&A Modas SA;Comércio de Varejo;https://s3-symbol-logo.tradingview.com/cea-modas-on-nm--big.svg
CEBR3;Companhia Energetica de Brasilia - CEB;Serviços Públicos;https://s3-symbol-logo.tradingview.com/ceb-pna--big.svg
CEBR5;Companhia Energetica de Brasilia - CEB Pfd A;Serviços Públicos;https://s3-symbol-logo.tradingview.com/ceb-pna--big.svg
CEBR6;Companhia Energetica de Brasilia - CEB Pfd B;Serviços Públicos;https://s3-symbol-logo.tradingview.com/ceb-pna--big.svg
CEDO3;Cia. de Fiacao e Tecidos Cedro e Cachoeira;Industrias de Processamento;https://s3-symbol-logo.tradingview.com/cedro-on-n1--big.svg
CEDO4;Cia. de Fiacao e Tecidos Cedro e Cachoeira Pfd;Industrias de Processamento;https://s3-symbol-logo.tradingview.com/cedro-on-n1--big.svg
CEEB3;Companhia de Electricidade do Estado da Bahia - COELBA;Serviços Públicos;https://s3-symbol-logo.tradingview.com/coelba-pna--big.svg
CEEB5;Companhia de Electricidade do Estado da Bahia - COELBA Pfd A;Serviços Públicos;https://s3-symbol-logo.tradingview.com/coelba-pna--big.svg
CEEB6;Companhia de Electricidade do Estado da Bahia - COELBA Pfd B;Serviços Públicos;https://s3-symbol-logo.tradingview.com/coelba-pna--big.svg
CEED3;Companhia Estadual de Distribuicao de Energia Eletrica;Serviços Públicos;https://s3-symbol-logo.tradingview.com/ceee-d--big.svg
CEED4;Companhia Estadual de Distribuicao de Energia Eletrica - CEEE-D Pfd;Serviços Públicos;https://s3-symbol-logo.tradingview.com/ceee-d--big.svg
CEGR3;Companhia Distribuidora de Gas do Rio de Janeiro;Serviços Públicos;https://s3-symbol-logo.tradingview.com/ceg-on--big.svg
CGAS3;Companhia de Gas de Sao Paulo - COMGAS;Serviços Públicos;https://s3-symbol-logo.tradingview.com/comgas-on--big.svg
CGAS5;Companhia de Gas de Sao Paulo - COMGAS Pfd Registered A;Serviços Públicos;https://s3-symbol-logo.tradingview.com/comgas-on--big.svg
CGRA3;Grazziotin S.A.;Comércio de Varejo;https://s3-symbol-logo.tradingview.com/grazziotin-on--big.svg
CGRA4;Grazziotin S.A. Pfd;Comércio de Varejo;https://s3-symbol-logo.tradingview.com/grazziotin-on--big.svg
CLSC3;Centrais Eletricas de Santa Catarina S.A.;Serviços Públicos;https://s3-symbol-logo.tradingview.com/celesc-on-n2--big.svg
CLSC4;Centrais Eletricas de Santa Catarina SA Pfd;Serviços Públicos;https://s3-symbol-logo.tradingview.com/celesc-on-n2--big.svg
CMIG3;Companhia Energetica de Minas Gerais SA;Serviços Públicos;https://s3-symbol-logo.tradingview.com/cemig--big.svg
CMIG4;Companhia Energetica de Minas Gerais SA Pfd;Serviços Públicos;https://s3-symbol-logo.tradingview.com/cemig--big.svg
CMIN3;CSN Mineracao SA;Minerais Não-Energéticos;https://s3-symbol-logo.tradingview.com/csn-mineracao--big.svg
COCE3;Companhia Energetica do Ceara-COELCE;Serviços Públicos;https://s3-symbol-logo.tradingview.com/coelce-pna--big.svg
COCE5;Companhia Energetica do Ceara-COELCE Pfd A;Serviços Públicos;https://s3-symbol-logo.tradingview.com/coelce-pna--big.svg
COCE6;Companhia Energetica do Ceara-COELCE Pfd B;Serviços Públicos;https://s3-symbol-logo.tradingview.com/coelce-pna--big.svg
COGN3;Cogna Educacao S.A.;Serviços Comerciais;https://s3-symbol-logo.tradingview.com/cogna--big.svg
CPFE3;CPFL Energia S.A.;Serviços Públicos;https://s3-symbol-logo.tradingview.com/cpfl-energia--big.svg
CPLE3;Companhia Paranaense de Energia;Serviços Públicos;https://s3-symbol-logo.tradingview.com/cia-paranaense--big.svg
CPLE5;Companhia Paranaense de Energia - COPEL Pfd Registered A;Serviços Públicos;https://s3-symbol-logo.tradingview.com/cia-paranaense--big.svg
CPLE6;Companhia Paranaense de Energia - COPEL Pfd Registered B;Serviços Públicos;https://s3-symbol-logo.tradingview.com/cia-paranaense--big.svg
CRPG3;Tronox Pigmentos do Brasil SA;Industrias de Processamento;https://s3-symbol-logo.tradingview.com/cristal-pna--big.svg
CRPG5;Tronox Pigmentos do Brasil SA Pfd Registered Shs A;Industrias de Processamento;https://s3-symbol-logo.tradingview.com/cristal-pna--big.svg
CRPG6;Tronox Pigmentos do Brasil SA Pfd Registered Shs B;Industrias de Processamento;https://s3-symbol-logo.tradingview.com/cristal-pna--big.svg
CSAN3;Cosan S.A.;Serviços Públicos;https://s3-symbol-logo.tradingview.com/cosan--big.svg
CSED3;Cruzeiro do Sul Educacional SA;Consumo de Serviços;https://s3-symbol-logo.tradingview.com/cruzeiro-eduon-nm--big.svg
CSMG3;Companhia de Saneamento de Minas Gerais;Serviços Públicos;https://s3-symbol-logo.tradingview.com/copasa--big.svg
CSNA3;Companhia Siderurgica Nacional;Minerais Não-Energéticos;https://s3-symbol-logo.tradingview.com/companhia-siderurgica-nacional--big.svg
CSUD3;CSU Digital SA;Serviços Comerciais;https://s3-symbol-logo.tradingview.com/csu-digital-on-nm--big.svg
CTAX3;Contax Participacoes SA;Serviços Comerciais;https://s3-symbol-logo.tradingview.com/contax-on--big.svg
CTCA3;CTC- Centro de Tecnologia Canavieira SA;Serviços Comerciais;https://s3-symbol-logo.tradingview.com/country/BR--big.svg
CTKA3;Karsten S.A.;Industrias de Processamento;https://s3-symbol-logo.tradingview.com/karsten-pn--big.svg
CTKA4;Karsten S.A.Non-Cum Perp Pfd Registered Shs;Industrias de Processamento;https://s3-symbol-logo.tradingview.com/karsten-pn--big.svg
CTNM3;CIA Tecidos Norte De Minas COTEMINAS;Consumo Duráveis;https://s3-symbol-logo.tradingview.com/country/BR--big.svg
CTNM4;CIA Tecidos Norte De Minas COTEMINAS Non-Cum Perp Pfd Registered Shs;Consumo Duráveis;https://s3-symbol-logo.tradingview.com/country/BR--big.svg
CTSA3;Cia Tecidos Santanense SA;Industrias de Processamento;https://s3-symbol-logo.tradingview.com/santanense-on--big.svg
CTSA4;Cia Tecidos Santanense SA Non-Cum Perp Pfd Registered Shs;Industrias de Processamento;https://s3-symbol-logo.tradingview.com/santanense-on--big.svg
CURY3;Cury Construtora e Incorporadora SA;Financeiro;https://s3-symbol-logo.tradingview.com/cury-s-a-on-nm--big.svg
CVCB3;CVC Brasil Operadora e Agencia de Viagens SA;Consumo de Serviços;https://s3-symbol-logo.tradingview.com/cvc-brasil-on-nm--big.svg
CXSE3;Caixa Seguridade Participacoes SA;Financeiro;https://s3-symbol-logo.tradingview.com/caixa-segurion--big.svg
CYRE3;Cyrela Brazil Realty SA Empreendimentos e Participacoes;Financeiro;https://s3-symbol-logo.tradingview.com/cyrela-realton-nm--big.svg
DASA3;Diagnosticos da America S.A.;Serviços de Saúde;https://s3-symbol-logo.tradingview.com/dasa-on-nm--big.svg
DESK3;Desktop SA;Comunicações;https://s3-symbol-logo.tradingview.com/desktop-on-nm--big.svg
DEXP3;Dexxos Participacoes SA;Industrias de Processamento;https://s3-symbol-logo.tradingview.com/dexxos-par--big.svg
DEXP4;Dexxos Participacoes SA Pref;Industrias de Processamento;https://s3-symbol-logo.tradingview.com/dexxos-par--big.svg
DIRR3;Direcional Engenharia S.A.;Financeiro;https://s3-symbol-logo.tradingview.com/direcional--big.svg
DMVF3;D1000 Varejo Farma Participacoes SA;Serviços de Distribuição;https://s3-symbol-logo.tradingview.com/d1000vfarma-on-nm--big.svg
DOHL3;Dohler SA;Industrias de Processamento;https://s3-symbol-logo.tradingview.com/dohler-pn-ed--big.svg
DOHL4;Dohler SA Comercio e Industria Pfd;Industrias de Processamento;https://s3-symbol-logo.tradingview.com/dohler-pn-ed--big.svg
DOTZ3;Dotz SA;Serviços de Tecnologia;https://s3-symbol-logo.tradingview.com/dotz-sa-on-nm--big.svg
DTCY3;Dtcom-Direct to Co. SA;Comunicações;https://s3-symbol-logo.tradingview.com/dtcomdirecton--big.svg
DTCY4;Dtcom-Direct to Co. SA SA Pfd;Comunicações;https://s3-symbol-logo.tradingview.com/dtcomdirecton--big.svg
DXCO3;Dexco SA;Produtor Manufatureiro;https://s3-symbol-logo.tradingview.com/dexco-on-nm--big.svg
EALT3;Electro Aco Altona SA;Produtor Manufatureiro;https://s3-symbol-logo.tradingview.com/aco-altona-on--big.svg
EALT4;Electro Aco Altona SA Pfd;Produtor Manufatureiro;https://s3-symbol-logo.tradingview.com/aco-altona-on--big.svg
ECOR3;EcoRodovias Infraestrutura e Logistica S.A.;Transportes;https://s3-symbol-logo.tradingview.com/ecorodovias--big.svg
EGIE3;ENGIE Brasil Energia S.A.;Serviços Públicos;https://s3-symbol-logo.tradingview.com/engie-brasilon-nm--big.svg
EKTR3;Elektro Redes S.A.;Serviços Públicos;https://s3-symbol-logo.tradingview.com/elektro-pn--big.svg
EKTR4;Elektro Redes S.A. Pfd Shs;Serviços Públicos;https://s3-symbol-logo.tradingview.com/elektro-pn--big.svg
ELET3;Centrais Eletricas Brasileiras SA-Eletrobras;Serviços Públicos;https://s3-symbol-logo.tradingview.com/centrais-eletr-bras-sa--big.svg
ELET5;Centrais Eletricas Brasileiras SA-Eletrobras Pfd A;Serviços Públicos;https://s3-symbol-logo.tradingview.com/centrais-eletr-bras-sa--big.svg
ELET6;Centrais Eletricas Brasileiras SA-Eletrobras Pfd B;Serviços Públicos;https://s3-symbol-logo.tradingview.com/centrais-eletr-bras-sa--big.svg
EMAE3;EMAE-Empresa Metropolitana de Aguas e Energia SA;Serviços Públicos;https://s3-symbol-logo.tradingview.com/emae-pn--big.svg
EMAE4;EMAE-Empresa Metropolitana de Aguas e Energia SA Pfd Registered;Serviços Públicos;https://s3-symbol-logo.tradingview.com/emae-pn--big.svg
EMBR3;Embraer S.A.;Tecnologia Eletrônica;https://s3-symbol-logo.tradingview.com/embraer--big.svg
ENEV3;Eneva S.A.;Serviços Públicos;https://s3-symbol-logo.tradingview.com/eneva--big.svg
ENGI11;Energisa SA Units Cons of 1 Sh + 4 Pfd Shs;;https://s3-symbol-logo.tradingview.com/energisa-unt-n2--big.svg
ENGI3;Energisa SA;Serviços Públicos;https://s3-symbol-logo.tradingview.com/energisa-unt-n2--big.svg
ENGI4;Energisa SA Pfd Shs Non-Voting;Serviços Públicos;https://s3-symbol-logo.tradingview.com/energisa-unt-n2--big.svg
ENJU3;Enjoei SA;Comércio de Varejo;https://s3-symbol-logo.tradingview.com/enjoei-on-nm--big.svg
ENMT3;Energisa Mato Grosso - Distribuidora de Energia Sa;Serviços Públicos;https://s3-symbol-logo.tradingview.com/energisa-mt-on--big.svg
ENMT4;Energisa Mato Grosso - Distribuidora de Energia Sa Pfd Shs;Serviços Públicos;https://s3-symbol-logo.tradingview.com/energisa-mt-on--big.svg
EPAR3;Embpar Participacoes SA;Produtor Manufatureiro;https://s3-symbol-logo.tradingview.com/embpar-s-a-on--big.svg
EQPA3;Equatorial Para Distribuidora de Energia SA;Serviços Públicos;https://s3-symbol-logo.tradingview.com/eqtl-para-on--big.svg
EQPA5;Equatorial Para Distribuidora de Energia SA Pfd Registered Shs A;Serviços Públicos;https://s3-symbol-logo.tradingview.com/eqtl-para-on--big.svg
EQPA6;Equatorial Para Distribuidora de Energia SA Pfd Registered Shs B;Serviços Públicos;https://s3-symbol-logo.tradingview.com/eqtl-para-on--big.svg
EQPA7;Equatorial Para Distribuidora de Energia SA Pfd Registered Shs C;Serviços Públicos;https://s3-symbol-logo.tradingview.com/eqtl-para-on--big.svg
EQTL3;Equatorial S.A.;Serviços Públicos;https://s3-symbol-logo.tradingview.com/equatorial--big.svg
ESPA3;MPM Corporeos SA;Consumo de Serviços;https://s3-symbol-logo.tradingview.com/espacolaser-on-nm--big.svg
ESTR3;Manufatura de Brinquedos Estrela SA;Consumo Duráveis;https://s3-symbol-logo.tradingview.com/estrela-pn--big.svg
ESTR4;Manufatura de Brinquedos Estrela SA Pfd;Consumo Duráveis;https://s3-symbol-logo.tradingview.com/estrela-pn--big.svg
ETER3;Eternit S.A.;Minerais Não-Energéticos;https://s3-symbol-logo.tradingview.com/eternit--big.svg
EUCA3;Eucatex S.A. Industria e Comercio;Minerais Não-Energéticos;https://s3-symbol-logo.tradingview.com/eucatex-pn-n1--big.svg
EUCA4;Eucatex S.A. Industria E Comercio Non-Cum Perp Pfd Registered Shs;Minerais Não-Energéticos;https://s3-symbol-logo.tradingview.com/eucatex-pn-n1--big.svg
EVEN3;Even Construtora E Incorporadora S.A.;Financeiro;https://s3-symbol-logo.tradingview.com/even--big.svg
EZTC3;EZ TEC Empreendimentos e Participacoes SA;Financeiro;https://s3-symbol-logo.tradingview.com/eztec--big.svg
FESA3;Cia de Ferro Ligas da Bahia;Minerais Não-Energéticos;https://s3-symbol-logo.tradingview.com/ferbasa--big.svg
FESA4;Cia de Ferro Ligas da Bahia-Ferbasa Pfd;Minerais Não-Energéticos;https://s3-symbol-logo.tradingview.com/ferbasa--big.svg
FHER3;Fertilizantes Heringer S.A.;Industrias de Processamento;https://s3-symbol-logo.tradingview.com/fer-heringeron-nm--big.svg
FICT3;Fictor Alimentos SA;Serviços Comerciais;https://s3-symbol-logo.tradingview.com/fictoralimenon--big.svg
FIEI3;Fica Empreendimentos Imobiliarios SA;Financeiro;https://s3-symbol-logo.tradingview.com/fica-on--big.svg
FIGE3;Investimentos Bemge S.A.;Financeiro;https://s3-symbol-logo.tradingview.com/invest-bemgeon--big.svg
FIGE4;Investimentos Bemge SA Pfd;Financeiro;https://s3-symbol-logo.tradingview.com/invest-bemgeon--big.svg
FIQE3;Unifique Telecomunicacoes SA;Comunicações;https://s3-symbol-logo.tradingview.com/unifique-on-nm--big.svg
FLRY3;Fleury SA;Serviços de Saúde;https://s3-symbol-logo.tradingview.com/fleury-on-nm--big.svg
FRAS3;Fras-Le S.A.;Produtor Manufatureiro;https://s3-symbol-logo.tradingview.com/fras-le-on-n1--big.svg
FRIO3;Metalfrio Solutions S.A.;Produtor Manufatureiro;https://s3-symbol-logo.tradingview.com/metalfrio-on-nm--big.svg
G2DI33;G2D Investments, Ltd. Shs Unsponsored Brazilian Depository Receipt Repr 1 Sh;Financeiro;https://s3-symbol-logo.tradingview.com/g2d-invest-dr3--big.svg
GEPA3;Rio Paranapanema Energia SA;Serviços Públicos;https://s3-symbol-logo.tradingview.com/ger-paranap-pn--big.svg
GEPA4;Rio Paranapanema Energia SA Pfd Registered;Serviços Públicos;https://s3-symbol-logo.tradingview.com/ger-paranap-pn--big.svg
GFSA3;Gafisa S.A.;Financeiro;https://s3-symbol-logo.tradingview.com/gafisa--big.svg
GGBR3;Gerdau S.A.;Minerais Não-Energéticos;https://s3-symbol-logo.tradingview.com/gerdau--big.svg
GGBR4;Gerdau S.A. Pfd;Minerais Não-Energéticos;https://s3-symbol-logo.tradingview.com/gerdau--big.svg
GGPS3;GPS Participacoes e Empreendimentos SA;Serviços Comerciais;https://s3-symbol-logo.tradingview.com/gps-on-nm--big.svg
GMAT3;Grupo Mateus SA;Comércio de Varejo;https://s3-symbol-logo.tradingview.com/grupo-mateuson-nm--big.svg
GOAU3;Metalurgica Gerdau S.A.;Minerais Não-Energéticos;https://s3-symbol-logo.tradingview.com/gerdau--big.svg
GOAU4;Metalurgica Gerdau SA Pfd;Minerais Não-Energéticos;https://s3-symbol-logo.tradingview.com/gerdau--big.svg
GPAR3;Cia Celg de Participacoes - CELGPAR;Serviços Públicos;https://s3-symbol-logo.tradingview.com/celgpar-on--big.svg
GRAO3;Humberg Agribrasil Comercio e Exportacao de Graos SA;Serviços de Distribuição;https://s3-symbol-logo.tradingview.com/country/BR--big.svg
GRND3;Grendene S.A.;Consumo de Não Duráveis;https://s3-symbol-logo.tradingview.com/grendene--big.svg
GSHP3;General Shopping e Outlets do Brasil S.A.;Financeiro;https://s3-symbol-logo.tradingview.com/generalshoppon--big.svg
GUAR3;Guararapes Confeccoes S.A.;Serviços de Distribuição;https://s3-symbol-logo.tradingview.com/guararapes--big.svg
HAGA3;Haga SA Industria e Comercio;Consumo Duráveis;https://s3-symbol-logo.tradingview.com/haga-s-a-on--big.svg
HAGA4;Haga SA Industria e Comercio Pfd;Consumo Duráveis;https://s3-symbol-logo.tradingview.com/haga-s-a-on--big.svg
HAPV3;Hapvida Participacoes e Investimentos SA;Serviços de Saúde;https://s3-symbol-logo.tradingview.com/hapvida--big.svg
HBOR3;Helbor Empreendimentos S.A.;Consumo Duráveis;https://s3-symbol-logo.tradingview.com/helbor--big.svg
HBRE3;HBR Realty Empreendimentos Imobiliarios SA;Financeiro;https://s3-symbol-logo.tradingview.com/hbr-realty-on-nm--big.svg
HBSA3;Hidrovias do Brasil SA;Transportes;https://s3-symbol-logo.tradingview.com/hidrovias-on-nm--big.svg
HBTS3;Cia Habitasul de Participacoes;Financeiro;https://s3-symbol-logo.tradingview.com/habitasul-pna--big.svg
HBTS5;Cia Habitasul de Participacoes Pfd A;Financeiro;https://s3-symbol-logo.tradingview.com/habitasul-pna--big.svg
HBTS6;Cia Habitasul de Participacoes Pfd B;Financeiro;https://s3-symbol-logo.tradingview.com/habitasul-pna--big.svg
HETA3;Hercules S.A. Fabrica De Talheres;Consumo Duráveis;https://s3-symbol-logo.tradingview.com/hercules-pn--big.svg
HETA4;Hercules SA Fabrica de Talheres Pfd;Consumo Duráveis;https://s3-symbol-logo.tradingview.com/hercules-pn--big.svg
HOOT3;Hoteis Othon SA;Consumo de Serviços;https://s3-symbol-logo.tradingview.com/hoteis-othonpn--big.svg
HOOT4;Hoteis Othon SA Pfd;Consumo de Serviços;https://s3-symbol-logo.tradingview.com/hoteis-othonpn--big.svg
HYPE3;Hypera S.A.;Tecnologia em Saúde;https://s3-symbol-logo.tradingview.com/hypera--big.svg
IFCM3;Infracommerce CXAAS SA;Serviços de Distribuição;https://s3-symbol-logo.tradingview.com/infracomm-dm-100--big.svg
IGSN3;Igua Saneamento SA;Serviços Industriais;https://s3-symbol-logo.tradingview.com/country/BR--big.svg
IGTI11;Iguatemi SA Units Cons of 1 Sh + 2 Pfd Shs;;https://s3-symbol-logo.tradingview.com/iguatemi-saon-n1--big.svg
IGTI3;Iguatemi SA;Financeiro;https://s3-symbol-logo.tradingview.com/iguatemi-saon-n1--big.svg
IGTI4;Iguatemi SA Perp Pfd Registered Shs;Financeiro;https://s3-symbol-logo.tradingview.com/iguatemi-saon-n1--big.svg
INEP3;Inepar SA Industria e Construcoes;Serviços Industriais;https://s3-symbol-logo.tradingview.com/inepar-on--big.svg
INEP4;Inepar SA Industria e Construcoes Pfd;Serviços Industriais;https://s3-symbol-logo.tradingview.com/inepar-on--big.svg
INTB3;Intelbras SA Industria de Telecomunicacao Eletronica Brasileir;Serviços de Tecnologia;https://s3-symbol-logo.tradingview.com/intelbras-on-nm--big.svg
IRBR3;IRB Brasil Resseguros SA;Financeiro;https://s3-symbol-logo.tradingview.com/irbbrasil-reon--big.svg
ISAE3;Isa Energia Brasil SA;Serviços Públicos;https://s3-symbol-logo.tradingview.com/interconexion-electrica-sa-esp--big.svg
ISAE4;Isa Energia Brasil SA Non-Cum Perp Pfd Registered Shs;Serviços Públicos;https://s3-symbol-logo.tradingview.com/interconexion-electrica-sa-esp--big.svg
ITSA3;Itausa SA;Financeiro;https://s3-symbol-logo.tradingview.com/itausa--big.svg
ITSA4;Itausa SA Non-Cum Perp Pfd Registered Shs;Financeiro;https://s3-symbol-logo.tradingview.com/itausa--big.svg
ITUB3;Itau Unibanco Holding S.A.;Financeiro;https://s3-symbol-logo.tradingview.com/itau-unibanco--big.svg
ITUB4;Itau Unibanco Holding SA Pfd;Financeiro;https://s3-symbol-logo.tradingview.com/itau-unibanco--big.svg
JALL3;Jalles Machado SA;Industrias de Processamento;https://s3-symbol-logo.tradingview.com/jallesmachadon-nm--big.svg
JFEN3;Joao Fortes Engenharia S.A.;Consumo Duráveis;https://s3-symbol-logo.tradingview.com/joao-fortes-on--big.svg
JHSF3;JHSF Participacoes S.A.;Financeiro;https://s3-symbol-logo.tradingview.com/jhsf-part-on-nm--big.svg
JOPA3;Josapar Joaquim Oliveira SA Participacoes;Industrias de Processamento;https://s3-symbol-logo.tradingview.com/josapar-on--big.svg
JOPA4;Josapar-Joaquim Oliveira SA Participacoes Pfd;Industrias de Processamento;https://s3-symbol-logo.tradingview.com/josapar-on--big.svg
JSLG3;JSL S.A.;Transportes;https://s3-symbol-logo.tradingview.com/jsl--big.svg
KEPL3;Kepler Weber SA;Produtor Manufatureiro;https://s3-symbol-logo.tradingview.com/kepler-weberon-eb--big.svg
KLBN11;Klabin SA Ctf de Deposito de Acoes Cons of 1 Sh + 4 Pfd Shs;;https://s3-symbol-logo.tradingview.com/klabin--big.svg
KLBN3;Klabin SA;Minerais Não-Energéticos;https://s3-symbol-logo.tradingview.com/klabin--big.svg
KLBN4;Klabin SA Non-Cum Perp Pfd Registered Shs;Minerais Não-Energéticos;https://s3-symbol-logo.tradingview.com/klabin--big.svg
LAND3;Terra Santa Propriedades Agricolas SA;Financeiro;https://s3-symbol-logo.tradingview.com/terrasantapaon-nm--big.svg
LAVV3;LAVVI Empreendimentos Imobiliarios SA;Financeiro;https://s3-symbol-logo.tradingview.com/lavvi-on-nm--big.svg
LEVE3;Mahle-Metal Leve S.A.;Produtor Manufatureiro;https://s3-symbol-logo.tradingview.com/metal-leve--big.svg
LIGT3;Light S.A.;Serviços Públicos;https://s3-symbol-logo.tradingview.com/light--big.svg
LJQQ3;Lojas Quero-Quero SA;Comércio de Varejo;https://s3-symbol-logo.tradingview.com/quero-quero-on-nm--big.svg
LOGG3;Log Commercial Properties e Participacoes SA;Serviços Industriais;https://s3-symbol-logo.tradingview.com/log-commercial-properties--big.svg
LOGN3;Log-In Logistica Intermodal SA;Transportes;https://s3-symbol-logo.tradingview.com/log-in--big.svg
LPSB3;LPS Brasil-Consultoria de Imoveis SA;Serviços Comerciais;https://s3-symbol-logo.tradingview.com/lopes--big.svg
LREN3;Lojas Renner S.A.;Comércio de Varejo;https://s3-symbol-logo.tradingview.com/lojas-renner--big.svg
LTEL3B;Litel Participacoes SA;Minerais Não-Energéticos;https://s3-symbol-logo.tradingview.com/country/BR--big.svg
LUPA3;Lupatech S.A.;Produtor Manufatureiro;https://s3-symbol-logo.tradingview.com/lupatech-on-nm--big.svg
LUXM3;Trevisa Investimentos S.A.;Transportes;https://s3-symbol-logo.tradingview.com/trevisa-pn--big.svg
LUXM4;Trevisa Investimentos SA Pfd;Transportes;https://s3-symbol-logo.tradingview.com/trevisa-pn--big.svg
LVTC3;Livetech da Bahia Industria e Comercio SA;Serviços de Distribuição;https://s3-symbol-logo.tradingview.com/wdc-networkson-nm--big.svg
LWSA3;LWSA S.A.;Serviços de Tecnologia;https://s3-symbol-logo.tradingview.com/locaweb--big.svg
MAPT3;Cemepe Investimentos S.A.;Miscelânea;https://s3-symbol-logo.tradingview.com/cemepe-on--big.svg
MAPT4;Cemepe Investimentos SA Pfd;Miscelânea;https://s3-symbol-logo.tradingview.com/cemepe-on--big.svg
MATD3;Hospital Mater Dei SA;Serviços de Saúde;https://s3-symbol-logo.tradingview.com/mater-dei-on-nm--big.svg
MDIA3;M. Dias Branco SA Industria e Comercio de Alimentos;Consumo de Não Duráveis;https://s3-symbol-logo.tradingview.com/m-diasbranco--big.svg
MDNE3;Moura Dubeux Engenharia SA;Financeiro;https://s3-symbol-logo.tradingview.com/moura-dubeuxon-nm--big.svg
MEAL3;International Meal Company Alimentacao SA;Consumo de Não Duráveis;https://s3-symbol-logo.tradingview.com/imc-s-a-on-nm--big.svg
MELK3;Melnick Desenvolvimento Imobiliario SA;Serviços Industriais;https://s3-symbol-logo.tradingview.com/melnick-on-nm--big.svg
MERC3;Mercantil Financeira SA - Credito, Financiamento e Investimento;Financeiro;https://s3-symbol-logo.tradingview.com/merc-financ-pn--big.svg
MERC4;Mercantil Financeira SA - Credito, Financiamento e Investimento Non-Cum Perp Pfd Registered Shs;Financeiro;https://s3-symbol-logo.tradingview.com/merc-financ-pn--big.svg
MGEL3;Mangels Industrial S.A.;Produtor Manufatureiro;https://s3-symbol-logo.tradingview.com/mangels-indlpn--big.svg
MGEL4;Mangels Industrial SA Pfd Shs;Produtor Manufatureiro;https://s3-symbol-logo.tradingview.com/mangels-indlpn--big.svg
MGLU3;Magazine Luiza S.A.;Comércio de Varejo;https://s3-symbol-logo.tradingview.com/magaz-luiza-on-nm--big.svg
MILS3;Mills Locacao Servicos e Logistica S.A.;Financeiro;https://s3-symbol-logo.tradingview.com/mills--big.svg
MLAS3;Multi Group S.A;Tecnologia Eletrônica;https://s3-symbol-logo.tradingview.com/multilaser-on-ed-nm--big.svg
MNDL3;Mundial S.A.- Produtos de Consumo;Consumo de Não Duráveis;https://s3-symbol-logo.tradingview.com/mundial-on--big.svg
MNPR3;Minupar Participacoes S.A.;Industrias de Processamento;https://s3-symbol-logo.tradingview.com/minupar-on--big.svg
MOAR3;Monteiro Aranha S.A.;Financeiro;https://s3-symbol-logo.tradingview.com/mont-aranha-on--big.svg
MOTV3;Motiva Infraestrutura de Mobilidade SA;Transportes;https://s3-symbol-logo.tradingview.com/motiva-sa-on-nm--big.svg
MOVI3;Movida Participacoes SA;Financeiro;https://s3-symbol-logo.tradingview.com/movida-on-nm--big.svg
MRFG3;Marfrig Global Foods SA;Consumo de Não Duráveis;https://s3-symbol-logo.tradingview.com/marfrig-on-nm--big.svg
MRSA3B;MRS Logistica S.A.;Transportes;https://s3-symbol-logo.tradingview.com/mrs-logistica--big.svg
MRSA5B;MRS Logistica SA Pfd Shs A;Transportes;https://s3-symbol-logo.tradingview.com/mrs-logistica--big.svg
MRSA6B;MRS Logistica SA Pfd Class B;Transportes;https://s3-symbol-logo.tradingview.com/mrs-logistica--big.svg
MRVE3;MRV Engenharia e Participacoes S.A.;Consumo Duráveis;https://s3-symbol-logo.tradingview.com/mrv--big.svg
MSPA3;Cia Melhoramentos de Sao Paulo;Industrias de Processamento;https://s3-symbol-logo.tradingview.com/melhor-sp-pn--big.svg
MSPA4;Cia Melhoramentos de Sao Paulo Pfd;Industrias de Processamento;https://s3-symbol-logo.tradingview.com/melhor-sp-pn--big.svg
MTRE3;Mitre Realty Empreendimentos e Participacoes SA;Financeiro;https://s3-symbol-logo.tradingview.com/mitre-realtyon-nm--big.svg
MTSA3;Metisa Metalurgica Timboense SA;Produtor Manufatureiro;https://s3-symbol-logo.tradingview.com/metisa-pn-ej--big.svg
MTSA4;Metisa Metalurgica Timboense SA Pfd;Produtor Manufatureiro;https://s3-symbol-logo.tradingview.com/metisa-pn-ej--big.svg
MULT3;Multiplan Empreendimentos Imobiliarios SA;Financeiro;https://s3-symbol-logo.tradingview.com/multiplan-on-n2--big.svg
MWET3;Wetzel S.A.;Produtor Manufatureiro;https://s3-symbol-logo.tradingview.com/wetzel-s-a-on--big.svg
MWET4;Wetzel S.A. Non-Cum Perp Pfd Registered Shs;Produtor Manufatureiro;https://s3-symbol-logo.tradingview.com/wetzel-s-a-on--big.svg
MYPK3;Iochpe Maxion S.A.;Produtor Manufatureiro;https://s3-symbol-logo.tradingview.com/iochp-maxionon--big.svg
NATU3;Natura Cosmeticos SA;Consumo de Não Duráveis;https://s3-symbol-logo.tradingview.com/natura-and-co--big.svg
NEMO3;Suzano Holding SA;Industrias de Processamento;https://s3-symbol-logo.tradingview.com/country/BR--big.svg
NEMO5;Suzano Holding SA Pfd A;Industrias de Processamento;https://s3-symbol-logo.tradingview.com/country/BR--big.svg
NEMO6;Suzano Holding SA Pfd Shs B;Industrias de Processamento;https://s3-symbol-logo.tradingview.com/country/BR--big.svg
NEOE3;Neoenergia SA;Serviços Públicos;https://s3-symbol-logo.tradingview.com/neoenergia--big.svg
NEXP3;Nexpe Participacoes SA;Financeiro;https://s3-symbol-logo.tradingview.com/nexpe-on--big.svg
NGRD3;Neogrid Participacoes SA;Serviços de Tecnologia;https://s3-symbol-logo.tradingview.com/neogrid--big.svg
NORD3;Nordon Industrias Metalurgicas S.A.;Produtor Manufatureiro;https://s3-symbol-logo.tradingview.com/nordon-met-on--big.svg
NRTQ3;Nortec Quimica SA;Tecnologia em Saúde;https://s3-symbol-logo.tradingview.com/country/BR--big.svg
NUTR3;Nutriplant Industria E Comercio S.A.;Industrias de Processamento;https://s3-symbol-logo.tradingview.com/nutriplant-on-ma--big.svg
ODER3;Conservas Oderich SA;Consumo de Não Duráveis;https://s3-symbol-logo.tradingview.com/oderich-pn--big.svg
ODER4;Conservas Oderich SA Pfd Shs;Consumo de Não Duráveis;https://s3-symbol-logo.tradingview.com/oderich-pn--big.svg
ODPV3;OdontoPrev S.A.;Serviços de Saúde;https://s3-symbol-logo.tradingview.com/odontoprev--big.svg
OFSA3;Ourofino S.A.;Tecnologia em Saúde;https://s3-symbol-logo.tradingview.com/ourofino-s-aon-nm--big.svg
OIBR3;Oi S.A.;Comunicações;https://s3-symbol-logo.tradingview.com/oi--big.svg
OIBR4;Oi S.A.Non-Cum Perp Pfd Registered Shs;Comunicações;https://s3-symbol-logo.tradingview.com/oi--big.svg
ONCO3;Oncoclinicas do Brasil Servicos Medicos SA;Serviços de Saúde;https://s3-symbol-logo.tradingview.com/oncoclinicason-nm--big.svg
OPCT3;OceanPact Servicos Maritimos SA;Serviços Comerciais;https://s3-symbol-logo.tradingview.com/oceanpact-on-nm--big.svg
ORVR3;Orizon Valorizacao de Residuos SA;Serviços Públicos;https://s3-symbol-logo.tradingview.com/orizon-on-nm--big.svg
OSXB3;OSX Brasil S.A.;Serviços Industriais;https://s3-symbol-logo.tradingview.com/osx-brasil-on-nm--big.svg
PATI3;Panatlantica S.A.;Produtor Manufatureiro;https://s3-symbol-logo.tradingview.com/panatlanticapn--big.svg
PATI4;Panatlantica S.A. Pfd;Produtor Manufatureiro;https://s3-symbol-logo.tradingview.com/panatlanticapn--big.svg
PCAR3;Companhia Brasileira de Distribuicao;Comércio de Varejo;https://s3-symbol-logo.tradingview.com/cia-brasileira-distr-pao-de-acucar--big.svg
PDGR3;PDG Realty SA Empreendimentos e Participacoes;Financeiro;https://s3-symbol-logo.tradingview.com/pdg-realt--big.svg
PDTC3;Padtec Holding SA;Tecnologia Eletrônica;https://s3-symbol-logo.tradingview.com/padtec-on-nm--big.svg
PEAB3;Cia Participacoes Alianca da Bahia Registered;Financeiro;https://s3-symbol-logo.tradingview.com/par-al-bahiaon--big.svg
PEAB4;Cia de Participacoes Alianca da Bahia Non-Cum Perp Pfd Registered Shs;Financeiro;https://s3-symbol-logo.tradingview.com/par-al-bahiaon--big.svg
PETR3;Petroleo Brasileiro SA;Minerais Energéticos;https://s3-symbol-logo.tradingview.com/brasileiro-petrobras--big.svg
PETR4;Petroleo Brasileiro SA Pfd;Minerais Energéticos;https://s3-symbol-logo.tradingview.com/brasileiro-petrobras--big.svg
PETZ3;Pet Center Comercio e Participacoes;Industrias de Processamento;https://s3-symbol-logo.tradingview.com/petz--big.svg
PFRM3;Profarma Distribuidora de Produtos Farmaceuticos SA;Serviços de Distribuição;https://s3-symbol-logo.tradingview.com/profarma--big.svg
PGMN3;Empreendimentos Pague Menos SA;Comércio de Varejo;https://s3-symbol-logo.tradingview.com/pague-menos-on-nm--big.svg
PINE3;Banco PINE S.A.;Financeiro;https://s3-symbol-logo.tradingview.com/pine-pn-rec-n2--big.svg
PINE4;Banco PINE S.A. Pfd;Financeiro;https://s3-symbol-logo.tradingview.com/pine-pn-rec-n2--big.svg
PLAS3;Plascar Participacoes Industriais S.A.;Produtor Manufatureiro;https://s3-symbol-logo.tradingview.com/plascar-parton--big.svg
PLPL3;Plano & Plano Desenvolvimento Imobiliario Ltda;Financeiro;https://s3-symbol-logo.tradingview.com/planoeplano-on-nm--big.svg
PMAM3;Paranapanema S.A.;Minerais Não-Energéticos;https://s3-symbol-logo.tradingview.com/paranapanemaon-nm--big.svg
PNVL3;Dimed S.A. Distribuidora de Medicamentos;Comércio de Varejo;https://s3-symbol-logo.tradingview.com/dimed--big.svg
POMO3;Marcopolo SA;Produtor Manufatureiro;https://s3-symbol-logo.tradingview.com/marcopolo--big.svg
POMO4;Marcopolo SA Pfd;Produtor Manufatureiro;https://s3-symbol-logo.tradingview.com/marcopolo--big.svg
PORT3;Wilson Sons Holdings Brasil SA;Transportes;https://s3-symbol-logo.tradingview.com/wilson-sons-on-eb-nm--big.svg
POSI3;Positivo Tecnologia SA;Tecnologia Eletrônica;https://s3-symbol-logo.tradingview.com/positivo-tecon--big.svg
PPAR3;Polpar SA;Financeiro;https://s3-symbol-logo.tradingview.com/country/BR--big.svg
PPLA11;PPLA Participations Ltd Units Cons of 1 BDRs A + 2 BDRs B;;https://s3-symbol-logo.tradingview.com/ppla-unt--big.svg
PRIO3;Prio SA;Minerais Energéticos;https://s3-symbol-logo.tradingview.com/petrorio-on-nm--big.svg
PRNR3;Priner Servicos Industriais SA;Serviços Industriais;https://s3-symbol-logo.tradingview.com/priner-on-nm--big.svg
PSSA3;Porto Seguro S.A.;Financeiro;https://s3-symbol-logo.tradingview.com/porto-seguro--big.svg
PTBL3;PBG S.A.Registered Shs;Produtor Manufatureiro;https://s3-symbol-logo.tradingview.com/portobello--big.svg
PTCA3;Pratica Produtos SA;Produtor Manufatureiro;https://s3-symbol-logo.tradingview.com/country/BR--big.svg
PTNT3;Pettenati S.A. Industria Textil;Industrias de Processamento;https://s3-symbol-logo.tradingview.com/pettenati-on--big.svg
PTNT4;Pettenati SA Industria Textil Pfd;Industrias de Processamento;https://s3-symbol-logo.tradingview.com/pettenati-on--big.svg
QUAL3;Qualicorp Consultoria e Corretora de Seguros S.A.;Serviços de Saúde;https://s3-symbol-logo.tradingview.com/qualicorp-on-nm--big.svg
QUSW3;Quality Software SA;Serviços de Tecnologia;https://s3-symbol-logo.tradingview.com/country/BR--big.svg
RADL3;Raia Drogasil S.A.;Comércio de Varejo;https://s3-symbol-logo.tradingview.com/raiadrogasilon--big.svg
RAIL3;Rumo SA;Transportes;https://s3-symbol-logo.tradingview.com/rumo-s-a--big.svg
RAIZ4;Raizen SA Non-Cum Perp Pfd Registered Shs;Comércio de Varejo;https://s3-symbol-logo.tradingview.com/raizen--big.svg
RANI3;Irani Papel e Embalagem SA;Industrias de Processamento;https://s3-symbol-logo.tradingview.com/celul-irani--big.svg
RAPT3;Randoncorp S.A.;Produtor Manufatureiro;https://s3-symbol-logo.tradingview.com/randon--big.svg
RAPT4;Randoncorp S.A.;Produtor Manufatureiro;https://s3-symbol-logo.tradingview.com/randon--big.svg
RCSL3;Recrusul SA;Produtor Manufatureiro;https://s3-symbol-logo.tradingview.com/recrusul--big.svg
RCSL4;Recrusul SA Pfd;Produtor Manufatureiro;https://s3-symbol-logo.tradingview.com/recrusul--big.svg
RDNI3;Rodobens Negocios Imobiliarios S.A.;Financeiro;https://s3-symbol-logo.tradingview.com/rni-on-nm--big.svg
RDOR3;Rede D'Or Sao Luiz SA;Serviços de Saúde;https://s3-symbol-logo.tradingview.com/rede-d-or--big.svg
REAG3;REAG Investimentos SA;Serviços Comerciais;https://s3-symbol-logo.tradingview.com/reaginvest-on-nm--big.svg
RECV3;Petroreconcavo SA;Minerais Energéticos;https://s3-symbol-logo.tradingview.com/petrorecsa-on-nm--big.svg
REDE3;Rede Energia S.A.;Serviços Públicos;https://s3-symbol-logo.tradingview.com/rede-energiaon--big.svg
RENT3;Localiza Rent A Car SA;Financeiro;https://s3-symbol-logo.tradingview.com/localiza--big.svg
RNEW11;Renova Energia S.A. Certificado de Deposito de Acoes Cons of 1 Sh + 2 Pfd Shs;;https://s3-symbol-logo.tradingview.com/renova-pn-n2--big.svg
RNEW3;Renova Energia S.A.;Serviços Públicos;https://s3-symbol-logo.tradingview.com/renova-pn-n2--big.svg
RNEW4;Renova Energia S.A. Pfd;Serviços Públicos;https://s3-symbol-logo.tradingview.com/renova-pn-n2--big.svg
ROMI3;Romi SA;Produtor Manufatureiro;https://s3-symbol-logo.tradingview.com/industrias-romi--big.svg
RPAD3;Alfa Holdings S.A.;Financeiro;https://s3-symbol-logo.tradingview.com/alfa-holdingpna--big.svg
RPAD5;Alfa Holdings SA Pfd A;Financeiro;https://s3-symbol-logo.tradingview.com/alfa-holdingpna--big.svg
RPAD6;Alfa Holdings SA Pfd B;Financeiro;https://s3-symbol-logo.tradingview.com/alfa-holdingpna--big.svg
RPMG3;Refinaria de Petroleos Manguinhos S.A.;Minerais Energéticos;https://s3-symbol-logo.tradingview.com/pet-manguinhon--big.svg
RSID3;Rossi Residencial S.A.;Consumo Duráveis;https://s3-symbol-logo.tradingview.com/rossi-resid-on-nm--big.svg
RSUL3;Metalurgica Riosulense SA;Produtor Manufatureiro;https://s3-symbol-logo.tradingview.com/riosulense-pn--big.svg
RSUL4;Metalurgica Riosulense SA Pfd;Produtor Manufatureiro;https://s3-symbol-logo.tradingview.com/riosulense-pn--big.svg
SANB11;Banco Santander (Brasil) S.A. Units Cons of 1 Sh + 1 Pfd Sh;;https://s3-symbol-logo.tradingview.com/santander--big.svg
SANB3;Banco Santander (Brasil) S.A.;Financeiro;https://s3-symbol-logo.tradingview.com/santander--big.svg
SANB4;Banco Santander (Brasil) SA Pfd;Financeiro;https://s3-symbol-logo.tradingview.com/santander--big.svg
SAPR11;Companhia de Saneamento do Parana - Sanepar Units Cons of 1 Sh + 4 Pfd Shs;;https://s3-symbol-logo.tradingview.com/sanepar--big.svg
SAPR3;Companhia de Saneamento do Parana - Sanepar;Serviços Públicos;https://s3-symbol-logo.tradingview.com/sanepar--big.svg
SAPR4;Companhia de Saneamento do Parana - Sanepar Non-Cum Perp Pfd Registered Shs;Serviços Públicos;https://s3-symbol-logo.tradingview.com/sanepar--big.svg
SBFG3;Grupo SBF S.A.;Comércio de Varejo;https://s3-symbol-logo.tradingview.com/grupo-sbf-on-nm--big.svg
SBSP3;Companhia de Saneamento Basico do Estado de Sao Paulo SABESP;Serviços Públicos;https://s3-symbol-logo.tradingview.com/sabesp--big.svg
SCAR3;Sao Carlos Empreendimentos e Participacoes SA;Financeiro;https://s3-symbol-logo.tradingview.com/sao-carlos-on-nm--big.svg
SEER3;Grupo Ser Educacional SA;Consumo de Serviços;https://s3-symbol-logo.tradingview.com/ser-educa--big.svg
SEQL3;Sequoia Logistica e Transportes SA;Transportes;https://s3-symbol-logo.tradingview.com/sequoia-log-on-nm--big.svg
SGPS3;Springs Global Participacoes SA;Consumo Duráveis;https://s3-symbol-logo.tradingview.com/country/BR--big.svg
SHOW3;T4F Entretenimento S.A.;Consumo de Serviços;https://s3-symbol-logo.tradingview.com/time-for-fun--big.svg
SHUL3;Schulz S.A.;Produtor Manufatureiro;https://s3-symbol-logo.tradingview.com/schulz--big.svg
SHUL4;Schulz S.A.Non-Cum Perp Pfd Registered Shs;Produtor Manufatureiro;https://s3-symbol-logo.tradingview.com/schulz--big.svg
SIMH3;Simpar SA;Transportes;https://s3-symbol-logo.tradingview.com/jsl--big.svg
SLCE3;SLC Agricola S.A.;Industrias de Processamento;https://s3-symbol-logo.tradingview.com/slc-agricola--big.svg
SMFT3;Smartfit Escola de Ginastica e Danca SA;Consumo de Serviços;https://s3-symbol-logo.tradingview.com/smart-fit-on-nm--big.svg
SMTO3;Sao Martinho S.A.;Industrias de Processamento;https://s3-symbol-logo.tradingview.com/sao-martinhoon--big.svg
SNSY3;Sansuy SA Industria de Plasticos;Produtor Manufatureiro;https://s3-symbol-logo.tradingview.com/sansuy-on--big.svg
SNSY5;Sansuy SA Industria de Plasticos Pfd A;Produtor Manufatureiro;https://s3-symbol-logo.tradingview.com/sansuy-on--big.svg
SNSY6;Sansuy SA Industria de Plasticos Pref Registered Shs -B-;Produtor Manufatureiro;https://s3-symbol-logo.tradingview.com/sansuy-on--big.svg
SOJA3;Boa Safra Sementes SA;Industrias de Processamento;https://s3-symbol-logo.tradingview.com/boa-safra-on-nm--big.svg
SOND3;Sondotecnica Engenharia de Solos S.A.;Serviços Industriais;https://s3-symbol-logo.tradingview.com/sondotecnicapnb--big.svg
SOND5;Sondotecnica Engenharia de Solos S.A. Pfd Shs A;Serviços Industriais;https://s3-symbol-logo.tradingview.com/sondotecnicapnb--big.svg
SOND6;Sondotecnica Engenharia de Solos S.A. Pfd Shs B;Serviços Industriais;https://s3-symbol-logo.tradingview.com/sondotecnicapnb--big.svg
SRNA3;Serena Energia SA;Serviços Públicos;https://s3-symbol-logo.tradingview.com/serena-on-nm--big.svg
STBP3;Santos Brasil Participacoes SA;Transportes;https://s3-symbol-logo.tradingview.com/santos-brp--big.svg
SUZB3;Suzano S.A.;Industrias de Processamento;https://s3-symbol-logo.tradingview.com/suzano--big.svg
SYNE3;Syn Prop e Tech SA;Financeiro;https://s3-symbol-logo.tradingview.com/syn-prop-tecon-nm--big.svg
TAEE11;Transmissora Alianca De Energia Eletrica S.A. Unit;;https://s3-symbol-logo.tradingview.com/taesa--big.svg
TAEE3;Transmissora Alianca De Energia Eletrica S.A.;Serviços Industriais;https://s3-symbol-logo.tradingview.com/taesa--big.svg
TAEE4;Transmissora Alianca De Energia Eletrica S.A. Pfd;Serviços Industriais;https://s3-symbol-logo.tradingview.com/taesa--big.svg
TASA3;Taurus Armas S.A.;Tecnologia Eletrônica;https://s3-symbol-logo.tradingview.com/taurus-armas--big.svg
TASA4;Taurus Armas S.A. Pfd;Tecnologia Eletrônica;https://s3-symbol-logo.tradingview.com/taurus-armas--big.svg
TCSA3;Tecnisa S.A.;Financeiro;https://s3-symbol-logo.tradingview.com/tecnisa--big.svg
TECN3;Technos S.A.;Consumo Duráveis;https://s3-symbol-logo.tradingview.com/grupotechnos--big.svg
TELB3;Telecomunicacoes Brasileiras SA;Comunicações;https://s3-symbol-logo.tradingview.com/telebras-pn--big.svg
TELB4;Telecomunicacoes Brasileiras SA - TELEBRAS Pref.;Comunicações;https://s3-symbol-logo.tradingview.com/telebras-pn--big.svg
TEND3;Construtora Tenda SA;Financeiro;https://s3-symbol-logo.tradingview.com/tenda--big.svg
TFCO4;Track & Field Co SA Pfd Registered Shs;Comércio de Varejo;https://s3-symbol-logo.tradingview.com/track-field-pn-n2--big.svg
TGMA3;Tegma Gestao Logistica S.A.;Transportes;https://s3-symbol-logo.tradingview.com/tegma--big.svg
TIMS3;TIM S.A.;Comunicações;https://s3-symbol-logo.tradingview.com/tim-participacoes--big.svg
TKNO3;Tekno SA Industria e Comercio;Minerais Não-Energéticos;https://s3-symbol-logo.tradingview.com/tekno-pn--big.svg
TKNO4;Tekno SA Industria e Comercio Pfd;Minerais Não-Energéticos;https://s3-symbol-logo.tradingview.com/tekno-pn--big.svg
TOKY3;Grupo Toky SA;Serviços de Tecnologia;https://s3-symbol-logo.tradingview.com/mobly-on-nm--big.svg
TOTS3;TOTVS S.A.;Serviços de Tecnologia;https://s3-symbol-logo.tradingview.com/totvs--big.svg
TPIS3;TPI - Triunfo Participacoes e Investimentos SA;Transportes;https://s3-symbol-logo.tradingview.com/triunfo-parton-nm--big.svg
TRAD3;TC S.A.;Serviços de Tecnologia;https://s3-symbol-logo.tradingview.com/tc-on-nm--big.svg
TRIS3;Trisul S.A.;Consumo Duráveis;https://s3-symbol-logo.tradingview.com/trisul--big.svg
TTEN3;Tres Tentos Agroindustrial SA;Serviços Comerciais;https://s3-symbol-logo.tradingview.com/3tentos-on-nm--big.svg
TUPY3;Tupy S.A.;Produtor Manufatureiro;https://s3-symbol-logo.tradingview.com/tupy--big.svg
TXRX3;Textil Renauxview S.A.;Industrias de Processamento;https://s3-symbol-logo.tradingview.com/tex-renaux-on--big.svg
TXRX4;Textil Renauxview SA Pfd;Industrias de Processamento;https://s3-symbol-logo.tradingview.com/tex-renaux-on--big.svg
UCAS3;Unicasa Industria de Moveis S.A.;Consumo Duráveis;https://s3-symbol-logo.tradingview.com/unicasa-on-nm--big.svg
UGPA3;Ultrapar Participacoes S.A.;Comércio de Varejo;https://s3-symbol-logo.tradingview.com/ultrapar-participacoes--big.svg
UNIP3;Unipar Carbocloro SA;Industrias de Processamento;https://s3-symbol-logo.tradingview.com/unipar--big.svg
UNIP5;Unipar Carbocloro SA Pfd Class A;Industrias de Processamento;https://s3-symbol-logo.tradingview.com/unipar--big.svg
UNIP6;Unipar Carbocloro SA Pfd Class B;Industrias de Processamento;https://s3-symbol-logo.tradingview.com/unipar--big.svg
USIM3;Usinas Siderurgicas de Minas Gerais SA-Usiminas;Minerais Não-Energéticos;https://s3-symbol-logo.tradingview.com/usiminas-pna-n1--big.svg
USIM5;Usinas Siderurgicas de Minas Gerais SA-Usiminas Pfd A;Minerais Não-Energéticos;https://s3-symbol-logo.tradingview.com/usiminas-pna-n1--big.svg
USIM6;Usinas Siderurgicas de Minas Gerais SA-Usiminas Conv Pfd B;Minerais Não-Energéticos;https://s3-symbol-logo.tradingview.com/usiminas-pna-n1--big.svg
VALE3;Vale S.A.;Minerais Não-Energéticos;https://s3-symbol-logo.tradingview.com/vale--big.svg
VAMO3;Vamos Locacao de Caminhoes, Maquinas e Equipamentos SA;Financeiro;https://s3-symbol-logo.tradingview.com/vamos-on-nm--big.svg
VBBR3;Vibra Energia SA;Comércio de Varejo;https://s3-symbol-logo.tradingview.com/vibra-on-nm--big.svg
VITT3;Vittia S.A.;Industrias de Processamento;https://s3-symbol-logo.tradingview.com/vittia-on-ed-nm--big.svg
VIVA3;Vivara Participacoes SA;Consumo Duráveis;https://s3-symbol-logo.tradingview.com/vivara-sa-on-nm--big.svg
VIVR3;Viver Incorporadora e Construtora S.A.;Consumo Duráveis;https://s3-symbol-logo.tradingview.com/viver-on-nm--big.svg
VIVT3;Telefonica Brasil S.A.;Comunicações;https://s3-symbol-logo.tradingview.com/telefonica--big.svg
VLID3;Valid Solucoes SA;Serviços Comerciais;https://s3-symbol-logo.tradingview.com/valid--big.svg
VSPT3;Ferrovia Centro Atlantica SA;Transportes;https://s3-symbol-logo.tradingview.com/country/BR--big.svg
VSPT4;Ferrovia Centro Atlantica SA Pfd Registered;Transportes;https://s3-symbol-logo.tradingview.com/country/BR--big.svg
VSTE3;Veste S.A. Estilo;Consumo de Não Duráveis;https://s3-symbol-logo.tradingview.com/le-lis-blanc--big.svg
VTRU3;Vitru Brasil Empreendimentos, Participacoes e Comercio S.A.;Serviços Comerciais;https://s3-symbol-logo.tradingview.com/vitru-brasil-empreendimentos-partic-spon-ads-each-rep-one-ord-shs--big.svg
VULC3;Vulcabras SA;Consumo de Não Duráveis;https://s3-symbol-logo.tradingview.com/vulcabras--big.svg
VVEO3;CM Hospitalar SA;Serviços de Distribuição;https://s3-symbol-logo.tradingview.com/viveo-on-nm--big.svg
WEGE3;WEG SA;Produtor Manufatureiro;https://s3-symbol-logo.tradingview.com/weg--big.svg
WEST3;Westwing Comercio Varejista SA;Comércio de Varejo;https://s3-symbol-logo.tradingview.com/westwing-on-nm--big.svg
WHRL3;Whirlpool S.A.;Consumo Duráveis;https://s3-symbol-logo.tradingview.com/whirlpool-on--big.svg
WHRL4;Whirlpool SA Pfd;Consumo Duráveis;https://s3-symbol-logo.tradingview.com/whirlpool-on--big.svg
WIZC3;WIZ Co Participacoes e Corretagem de Seguros SA;Financeiro;https://s3-symbol-logo.tradingview.com/wiz-s-a--big.svg
WLMM3;WLM Participacoes e Comercio de Maquinas e Veiculos SA;Serviços de Distribuição;https://s3-symbol-logo.tradingview.com/wlm-ind-com-pn--big.svg
WLMM4;WLM Participacoes e Comercio de Maquinas e Veiculos SA Pfd;Serviços de Distribuição;https://s3-symbol-logo.tradingview.com/wlm-ind-com-pn--big.svg
YDUQ3;YDUQS Participacoes SA;Serviços Comerciais;https://s3-symbol-logo.tradingview.com/yduqs-part-on-nm--big.svg
ZAMP3;ZAMP SA;Consumo de Serviços;https://s3-symbol-logo.tradingview.com/burger-king--big.svg
